"iso3c.m","region","year","i.group","trade.value.USD.all","trade.value.unmatched","trade.value.unmatched.tt","trade.value.unmatched.hs4","trade.value.mismatch.costs","trade.value.mismatch.extreme.p","trade.value.mismatch.tariff","trade.value.mismatch.residual","trade.value.unmatched.im","trade.value.unmatched.im.tt","trade.value.unmatched.im.hs4"
"ABW","Latin America & Caribbean",2015,"H",964299708,841250198.289675,177308328.118164,863900792.592161,70664293.7,2163826.5,51295371.4314741,652304219.368526,302920329.312497,57689995.5324807,51831284.1550219
"AFG","South Asia",2015,"L",4748384495,2367103403.28552,874938679.164762,2797683098.54972,82850962.8,0,0,2754467353.2,275848735.054983,32724769.6947895,114074354.250228
"AGO","Sub-Saharan Africa",2015,"UM",16559412559,1548195257.04507,1011813153.85274,15476886.1021855,1429806990.4,213718821.6,1620263494.48063,9288286122.51937,539241295.69351,268443286.648812,1935970489.65768
"ALB","Europe & Central Asia",2015,"UM",4278321945,159875871.717691,230636628.442314,214195767.839996,351221045.4,744500.8,138114201.316515,1880329712.48348,443528337.039612,74822459.2116739,192332442.748714
"ARE","Middle East & North Africa",2015,"H",171797092821,4624530363.57215,1052922934.15936,6201069222.26849,21613471344.2,1565507596.6,7245053523.80714,126920988699.393,35450956180.7347,1310954084.33964,11085082616.9257
"ARG","Latin America & Caribbean",2015,"UM",57612236169,468041902.117459,357023108.469663,669218285.412878,5280131925.9,153556716.4,6319627562.60234,15397793270.0977,1179190223.90097,255341375.89309,878753987.205939
"ARM","Europe & Central Asia",2015,"LM",3026105933,110198609.489595,52188694.6249489,102050700.885456,163727523.4,21421822.8,69251183.916674,1011119093.88333,63626936.5656103,10047430.2495687,126088867.184821
"ATG","Latin America & Caribbean",2015,"H",378255385,404611652.689483,42116358.1165861,46813807.1939313,86084635.6,10220144.1,93152379.7393641,639532741.560636,178447926.996083,28093175.0837259,13665969.9201909
"AUS","East Asia & Pacific",2015,"H",185665317705,1698693951.93453,1908998475.82201,3553263416.24346,17806242269,1106098581.8,5030932602.83318,65093562727.3668,9121151030.12524,3286622710.51523,34476547298.3595
"AUT","Europe & Central Asia",2015,"H",142425901971,700751252.739376,408344156.603595,1183707277.65703,14231616488.9,332242305.8,4826007995.21316,55244662955.0868,2928124023.64516,1346329860.11667,7327977431.23817
"AZE","Europe & Central Asia",2015,"UM",9054287325,616909070.785594,389654281.181333,558462590.033073,927136441.7,769742087,727817907.010059,4923796390.28994,4735689503.20415,213669260.718747,198659580.077106
"BDI","Sub-Saharan Africa",2015,"L",520762495,17815078.7240897,30796093.0521939,56800791.2237164,24503533.6,113985.6,25516501.4922711,197280719.307729,46047056.193467,6688509.72027131,11367102.0862617
"BEL","Europe & Central Asia",2015,"H",368177007449,1832410624.13777,1677004008.51938,3836473858.34285,33041271743.7,2189186766.7,0,134045989929.6,1549218028.82079,1067215585.04835,8702397095.13086
"BEN","Sub-Saharan Africa",2015,"L",2320213721,126587140.40203,317097246.064584,955951980.533386,543582874.3,1646804.6,995762328.690132,3633666763.40987,336631188.889412,16200653.0341492,17207488.0764388
"BFA","Sub-Saharan Africa",2015,"L",2735205778,173654728.576552,67810945.6733392,104517018.750109,171992821.4,2838282.2,194618777.031386,1518431484.36861,189874438.562794,44990635.6750658,9863674.76213995
"BGD","South Asia",2015,"LM",45890987783,1050971310.92421,289853384.833155,1587846973.24264,3727276222.3,49921372.5,4446392625.67563,21501718611.5244,518402898.942931,209281661.758501,732588192.298568
"BGR","Europe & Central Asia",2015,"UM",28631919113,617094279.684465,368017463.491903,590761950.823632,2585004206.9,40133446.7,872955855.633372,9202113321.76663,479042543.952175,311052948.731104,1631718323.31672
"BHR","Middle East & North Africa",2015,"H",16203607407,497217568.160711,171321708.993542,410936501.845746,1070858488.1,49648370.3,390267482.715005,6673727100.88499,583141171.312557,223108412.711431,1044024961.97601
"BHS","Latin America & Caribbean",2015,"H",2995846369,4941086768.28347,841725668.233665,292670736.482867,346693222.6,19982104.7,548914603.022091,2122875160.67791,1202882692.04437,49275418.5033906,88346958.4522381
"BIH","Europe & Central Asia",2015,"UM",8935954507,76348731.5984195,47606244.8540626,106023292.547518,718179067.100001,3015958.1,415232219.217312,2913988903.58269,211579915.898781,123893148.433619,328844108.6676
"BLR","Europe & Central Asia",2015,"UM",29496912800,495688461.198036,207195841.16779,459493620.634174,2034057336.1,80445424.9,813445849.426356,7015760762.57364,333863598.684404,106613976.292985,357936704.022611
"BLZ","Latin America & Caribbean",2015,"UM",897702949,118913661.302826,38934147.7263587,62105149.970815,68897443.3,1103246.7,77466650.8754164,403971546.124584,186598049.014707,14192330.3023838,47287709.6829095
"BMU","North America",2015,"H",920556244,2243634668.24973,211287942.912654,268039440.837619,114285398.7,71414255.1,168389965.67763,754733751.52237,46063023.5768952,75912367.5664151,26051066.8566897
"BOL","Latin America & Caribbean",2015,"LM",9714477444,412530688.896299,74911254.2137222,266622959.889979,669499636,42253953.1,624501591.37581,4117506669.52419,287260863.856743,45033045.2704867,60680728.8727706
"BRA","Latin America & Caribbean",2015,"UM",163136422322,4489850651.52951,785957274.542658,1530956092.92783,14933992438.6,318553658,16419084798.1837,47569865127.2163,3284185773.0117,1070285637.92644,4179614623.06186
"BRB","Latin America & Caribbean",2015,"H",1602594677,47078396.0067459,34515937.7884183,63508717.2048358,121740307.3,1985553.6,0,801408954.1,44701500.3856777,6256161.84218067,21360487.7721417
"BRN","East Asia & Pacific",2015,"H",3170584639,132174528.218621,162736162.487592,230884349.293787,424821246.3,30814855.6,0,3329807914.1,63728838.2230547,12260337.0510625,23731199.7258828
"BWA","Sub-Saharan Africa",2015,"UM",7154376806,25704443.9945477,54143208.2665342,46330516.7389181,648653070,196743950.6,350094903.516986,1186941116.88301,151059843.240184,18483396.1808441,27409784.5789722
"CAF","Sub-Saharan Africa",2015,"L",448610047,66663704.9124652,47497985.6752867,39032546.4122481,13878020.4,257482.2,19706401.3532504,151223107.04675,17007531.421239,7473687.4068353,15666598.1719257
"CAN","North America",2015,"H",413723119277,710783030.365134,324271954.874499,2003104252.76037,40356440063,605146848.5,9526960472.85235,115183804612.648,4404572103.55923,1299706846.62331,5754976414.81745
"CHE","Europe & Central Asia",2015,"H",245357249491,5666606872.64709,2085155805.52664,3956797586.82627,23562332823.2,5396828672.3,0,119095363088.5,3644352523.95592,1307747191.44527,5934869960.5988
"CHL","Latin America & Caribbean",2015,"H",60410392727,3919351836.1588,411151045.452494,1036516038.38871,5395250284.60001,112009363.7,3232239750.82,15999478631.88,1362411566.87699,289561522.285186,741200658.837825
"CHN","East Asia & Pacific",2015,"UM",1483579069816,13762706136.6222,2025596649.39493,16592356062.9828,124113731464.8,5560099932.4,49628452008.0841,689840634878.716,148521650728.525,3435840952.63876,18204283942.8365
"CIV","Sub-Saharan Africa",2015,"LM",7509316500,236716763.09712,214131237.047826,280881076.855054,672195041.2,23514648.2,728102196.67577,3354644284.92423,471303745.112691,166009566.159697,401747644.727612
"CMR","Sub-Saharan Africa",2015,"LM",5089508245,164449852.1522,156170140.425667,167146356.422133,475134777.6,279364100.9,0,3040773465.5,211200804.264918,79194526.5144241,285107348.220658
"COL","Latin America & Caribbean",2015,"UM",51576632868,292602534.638645,292538078.207113,1029763863.15424,4729662778,119091043.1,3152956257.66638,17139593395.2336,502130878.030419,176748836.701906,1521629614.26768
"CPV","Sub-Saharan Africa",2015,"LM",591513512,25357571.4432012,66720828.8936152,28654760.6631835,51000115.3,708754.7,64228193.6230603,175744915.37694,4378519.86404921,5741064.58324061,2920509.55271018
"CRI","Latin America & Caribbean",2015,"UM",14952443741,693743179.843902,113246835.477975,200574004.678123,1252535837.6,35993481.9,0,6459737562.5,833090895.736679,101812805.262729,328799598.000592
"CYM","Latin America & Caribbean",2015,"H",395743586,1453598070.65182,375491765.718603,422508164.629581,24906603.1,0,0,267933939.9,NA,NA,NA
"CYP","Europe & Central Asia",2015,"H",5563191892,893914592.071811,331459749.194255,359454774.733934,684390844.300001,17239525,261730850.634279,3293014228.06572,1124360469.54747,253322283.85238,466100485.600153
"CZE","Europe & Central Asia",2015,"H",138762535266,1373723397.31602,358586176.865092,832437171.818886,12461949913.6,161236187.5,3896990100.06364,60341300029.8364,973419864.978516,801807225.019471,1656555656.00201
"DEU","Europe & Central Asia",2015,"H",1041826385789,2809837934.97802,2507957479.03999,16194555580.982,94890642855.0999,5415543413.8,0,435018436990.1,6974635663.62564,5078558723.42968,18436002430.9447
"DNK","Europe & Central Asia",2015,"H",83336826615,428962456.00553,800535834.939039,1587596531.05543,8161220480.5,232090150.7,0,33271605625.8,1376942668.28807,816070047.292051,8575237933.41988
"DOM","Latin America & Caribbean",2015,"UM",16700656492,108035627.647062,175295359.648023,484522833.704915,1431765386.5,13993298.9,1183532147.90216,10706444512.6978,254836108.440977,73261061.7092054,470217716.849817
"DZA","Middle East & North Africa",2015,"UM",51551054699,1306882350.72495,541677352.808989,1942836905.46606,4312378252.8,117277218.6,5502712006.09301,18347847131.507,2036331900.06187,362697484.554012,1971028551.38411
"ECU","Latin America & Caribbean",2015,"UM",21089420507,249878789.258279,242924790.578287,427745336.163434,1728210036.4,26081515.7,1369352356.91656,8377994233.98344,392257185.676667,123102984.254126,178144431.069207
"EGY","Middle East & North Africa",2015,"LM",73071903234,1815317809.18435,1697845920.26073,5823167432.55491,5922415997.7,8979787.6,6969525654.90003,36881168238.8,3338592826.95765,757659153.043189,2705858439.99916
"ESP","Europe & Central Asia",2015,"H",292367305404,1116197987.4547,573789847.701947,2542202591.84335,28281867411.2,1171138843.8,0,113376463448,1562420770.20474,1186994609.12129,5754058236.67397
"EST","Europe & Central Asia",2015,"H",14812595691,170095105.462507,258677896.835519,436784803.701974,1577763305.6,128671664.8,539415635.964352,8310890116.63565,474205086.673256,198552129.765312,543046467.561432
"ETH","Sub-Saharan Africa",2015,"L",19854914265,260188027.06881,201983031.683249,580632866.247941,906822500.6,27424581.6,989724280.808403,12295201874.9916,254053472.045548,37198244.490579,538433347.463873
"FIN","Europe & Central Asia",2015,"H",57669102693,896583714.78821,709081831.819695,1756545090.3921,5708935814.3,168323721.1,1845517104.08744,22028197524.5126,2465572906.4593,817959772.914812,4514250709.62589
"FJI","East Asia & Pacific",2015,"UM",2018251848,101108172.896556,86290306.0770563,144195816.026388,163356183.5,5401092.5,178392582.581755,1298687570.41824,40715166.8345441,17450532.3591159,80478768.8063399
"FRA","Europe & Central Asia",2015,"H",544408777788,1467239750.57076,1025153676.03785,7989243429.39139,54337954689.1001,1120440572.1,0,242331183301.8,7264828531.63228,2613960361.57224,12415723420.7955
"GBR","Europe & Central Asia",2015,"H",616885107251,6570483792.85503,1880164886.90478,12004457965.2402,58625393591.2,1790962406.2,22550183188.84,211227440006.76,7216768636.69839,2394077665.48816,10916503249.8135
"GEO","Europe & Central Asia",2015,"UM",7046400891,115417712.580461,190887802.820347,230723337.599192,657173440.5,593554267.9,127839544.938543,2605857565.66146,247537965.290971,66627903.2416626,215280132.467367
"GIN","Sub-Saharan Africa",2015,"L",2034571119,118310006.383077,247066183.089357,427794483.527565,260945294.2,4391141.4,0,2117929182.4,235906373.149823,50351892.8380985,60860867.0120789
"GMB","Sub-Saharan Africa",2015,"L",399868706,89310679.2728698,91182754.2732616,219775644.453869,56941232.6,366512.3,0,432731846.1,15146261.9661996,7687274.91717887,58787944.1166216
"GRC","Europe & Central Asia",2015,"H",46397476392,390036849.193453,460302045.699694,735370565.106853,4054553202.2,165895175,0,16496226442.8,809443085.19283,266242688.918093,997167837.889077
"GRL","Europe & Central Asia",2015,"H",583900932,32581245.5364542,23808424.7827766,32942960.6807692,57295549.6,530182.6,0,116794800.8,85696783.5683691,119504427.635329,145522853.796301
"GTM","Latin America & Caribbean",2015,"LM",17427822430,192740867.903726,160915924.797654,220721050.29862,1480734697.6,33090258,756705081.710507,5665736570.68949,819815407.226393,107728938.79965,433775065.973957
"GUY","Latin America & Caribbean",2015,"UM",2064984830,87254104.3933213,52570097.8371861,82308224.7694925,97767727.6,4159628.7,132620659.917061,627051456.782939,57532575.1393806,32561461.9736297,94488418.8869897
"HKG","East Asia & Pacific",2015,"H",522390212394,4520638744.88136,1960750978.1626,5324572794.95604,59948126654.1,1887095211.2,0,237406931104.7,1215714703.94727,640610133.821764,2686324978.23097
"HND","Latin America & Caribbean",2015,"LM",8242133524,241934153.7798,176062858.960564,1073202154.25964,928706265.4,8541126.8,576116513.514882,5118016342.28512,867913303.751086,89248185.5863144,1182281251.6626
"HRV","Europe & Central Asia",2015,"H",20170752712,741490218.695705,423330952.912791,369491395.391504,1847561171.7,63145687.6,715900226.859771,5387473999.84023,321055149.702695,157346158.264318,425105981.032987
"HUN","Europe & Central Asia",2015,"H",90089264740,1002104352.21226,1418745070.79992,1200586911.98782,8348149305,265854189,0,35907255993,731190733.023485,545562332.495399,1820346798.48112
"IDN","East Asia & Pacific",2015,"LM",137567179043,1142311523.38711,863907159.035616,3423471110.57727,13472776723.4,166083090.8,0,61460693281.8,4203385106.03627,1168810333.76977,5412742208.19396
"IND","South Asia",2015,"LM",349365032224,1805066227.46735,1519731803.48473,4860235585.04791,28203276694.5,1880125824.1,25103864264.6949,99698041192.7051,1446693310.22618,948129020.882292,5370399696.89153
"IRL","Europe & Central Asia",2015,"H",75115084986,1255673318.45475,589977436.173517,989177509.371738,6674832946.5,641504833.3,0,44488058306.2,2180225528.05806,834502590.302771,3407855912.63917
"IRQ","Middle East & North Africa",2015,"UM",NA,NA,NA,NA,NA,NA,NA,NA,52292028622.0909,671363403.195274,225405124.713806
"ISL","Europe & Central Asia",2015,"H",5175154855,65810551.4149339,86246046.5619791,181166239.023087,420986567.3,26517540.6,94445051.6039656,2414586187.49603,221533824.807835,139067208.411227,488445041.780938
"ISR","Middle East & North Africa",2015,"H",54579740000,2112632569.82592,1660606389.2668,1880422186.90728,5764046735.4,6602849.1,1522217111.8042,29681482893.6958,5335262453.27007,762183354.814403,2681746163.91553
"ITA","Europe & Central Asia",2015,"H",399195043234,2334004606.48069,1134298471.10719,3039232985.41212,38221710221.9,630164218.9,0,114921426099.2,1385291741.26742,1039210939.01545,4376806864.71712
"JAM","Latin America & Caribbean",2015,"UM",4468606620,85624957.8322718,102603763.150347,152574557.017381,389196209.5,50458437.2,454710112.914734,1771853048.38527,100443111.507445,35020234.0705414,82937227.422014
"JOR","Middle East & North Africa",2015,"UM",19400811278,695227911.148064,586033496.417303,1523832932.43463,1586935397.9,1356297667.8,1437569248.74543,8117735492.55457,1618793062.59406,196380237.920465,1599559268.48548
"JPN","East Asia & Pacific",2015,"H",592137548033,5020599252.40246,1112156478.53978,6497858580.05776,49395058778.2,5542811481.1,9997449398.07298,193485905433.627,2506488960.7769,3198077737.74488,9180548203.47821
"KAZ","Europe & Central Asia",2015,"UM",29420220567,327596740.712997,224303878.566015,1000670540.72099,2872921543.8,230556836.1,1548757498.39684,12988501225.7032,1624478486.08919,180432846.545452,599353601.365362
"KGZ","Europe & Central Asia",2015,"LM",3986747252,57189915.2951449,73085361.7567332,403095854.948122,655168387.8,130974815.4,306746597.97805,3854093505.82195,49845123.5322701,22258208.574862,14666379.8928679
"KHM","East Asia & Pacific",2015,"LM",10034980314,425657995.526665,966666696.850839,1845078544.6225,1269653082.5,85979712.5,0,12403901438,651993765.837292,235378118.367602,2183528186.79511
"KIR","East Asia & Pacific",2015,"LM",103419969,37029825.9618924,17198956.1280895,30921424.910018,8393452.4,652380.3,0,64151222.3,11651667.6053466,6744832.2890645,106574262.105589
"KNA","Latin America & Caribbean",2015,"H",286113037,62835408.6620132,18586392.2160365,19136882.1219504,21290623.3,414567.7,30895441.3517425,125090277.648258,43608098.5259817,5901360.41187078,17050388.0621475
"KOR","East Asia & Pacific",2015,"H",413418467884,11062105653.9693,842484284.016806,3107236418.01393,35133495860,2403962385.8,29103367530.35,108362374491.85,2842813112.91874,1008696484.15261,8501083022.92865
"KWT","Middle East & North Africa",2015,"H",31347784695,1536158241.75374,544975399.082993,1026934812.16327,2541214968.4,209457898,990747367.33797,15496370619.262,40689876028.5467,2862202919.13631,3771443623.31704
"LAO","East Asia & Pacific",2015,"LM",3767299215,258214707.38833,309170656.025018,519803910.586653,549466142,466194.3,745189535.11122,3582113432.58878,803041214.224221,311771134.984808,483770387.790971
"LBN","Middle East & North Africa",2015,"UM",18126590692,269913019.103621,307282838.485564,808207149.410815,1631217098.2,80363352.2,0,8594295849.6,133766326.728605,101202292.059485,284178879.21191
"LCA","Latin America & Caribbean",2015,"UM",557608366,785832705.32473,63043460.7754848,26613954.8997854,69811504.9,1425190,74784871.1488877,509399484.951112,19112837.9252218,4632541.13398086,27746168.9407973
"LKA","South Asia",2015,"LM",18451498464,1974065277.2271,355389324.534978,614672930.237918,1657818362.7,59054034.1,917534905.600314,8066788901.59968,303443112.378935,134056538.582238,452738292.038827
"LSO","Sub-Saharan Africa",2015,"LM",1292152736,19608032.3682393,14593040.7158118,14650286.9159489,130902749,107236384.4,0,482549507.6,39018259.7331365,21978443.6060015,335005918.660862
"LTU","Europe & Central Asia",2015,"H",27929420262,258408741.691799,303110206.949995,570170642.358206,2196239083.9,120411657.2,823758445.959033,11194859985.941,465862781.156902,262373292.283634,595423688.559464
"LUX","Europe & Central Asia",2015,"H",17980823820,1362375424.13289,445997544.681805,658654747.185303,2061381444.8,135395024.6,0,11292574262.6,1192919125.02515,490242019.139951,1420775866.8349
"LVA","Europe & Central Asia",2015,"H",13758213099,368210108.695651,437141863.894947,412418198.409402,2086678605,67141233.5,0,11313449651.5,470678319.417897,218903504.534434,522140078.047669
"MAC","East Asia & Pacific",2015,"H",10553844073,496304141.830673,368226295.652387,370467544.51694,1153971455.6,321330572,0,7515038058.4,365339278.535553,82354779.581727,263897373.88272
"MAR","Middle East & North Africa",2015,"LM",37085377661,335818990.929326,338351830.810342,907702927.260331,3084499912.7,124385815.4,2901104385.48718,14852343510.4128,1496610019.11262,567839502.067988,3024730128.81939
"MDA","Europe & Central Asia",2015,"LM",3947768757,114338900.795652,101876885.169012,125224743.035336,341174120.8,17716999.6,151692764.510547,1585356335.08945,209118862.16944,43235269.1498007,174154535.680759
"MDG","Sub-Saharan Africa",2015,"L",2723947435,52778687.0311648,105919149.273438,127241016.695397,255145110.5,4364112.9,257996972.841287,1755801483.75871,289203243.05455,30291367.4324265,94645620.5130234
"MDV","South Asia",2015,"UM",1887830820,58874098.2273482,93314793.497003,132586832.275649,109385241.6,6816771.6,135747982.703439,1023587978.09656,17550277.3770905,8749083.85331716,16792762.7695923
"MEX","Latin America & Caribbean",2015,"UM",388055014117,1268099004.06556,730597801.578359,3159857116.35608,35774976266.1,282748077.2,15760014889.447,149439085544.253,2301833292.88028,1144491820.78301,4539204545.33671
"MKD","Europe & Central Asia",2015,"UM",6368481777,61298700.9780325,75866415.4369432,207407348.585024,548043230.8,6501839.3,340032607.583422,2074916771.31658,396361566.893322,66615190.25942,126794609.847258
"MLT","Middle East & North Africa",2015,"H",6457462615,4907526076.85326,1049803846.2706,437537953.876143,1150467704.1,42983021.5,264719601.651203,7375201578.7488,390468755.215616,129746965.19774,517543930.586644
"MMR","East Asia & Pacific",2015,"LM",16810493881,771939884.232036,883204499.933358,1881577013.83461,1880708710.5,2311888.2,826665689.499807,15813461473.8002,555362116.344564,204381871.789512,5554375305.86592
"MNE","Europe & Central Asia",2015,"UM",2040368613,25658566.0695351,85120454.0612299,67610701.869235,198423901.6,5851959,0,791054869.4,66975119.6884821,19664256.3517081,48087950.9598098
"MNG","East Asia & Pacific",2015,"LM",3781914299,61945100.8312549,82073400.1079258,77453042.0608193,368989132.5,5093590.3,166618110.684703,1652022590.5153,108849778.161607,19051067.9478423,427864865.890551
"MOZ","Sub-Saharan Africa",2015,"L",7825159914,273813108.952717,635400896.562377,625779023.484907,785385876.5,35546604,0,6027252898.5,1218681230.04573,277650006.430198,334772882.524072
"MUS","Sub-Saharan Africa",2015,"UM",4323512171,103957198.855416,195708712.759359,200447272.385225,352857632.7,5207545.9,44178010.6233279,2028121503.77667,638313209.364166,60157749.408119,154983075.227715
"MWI","Sub-Saharan Africa",2015,"L",2271111082,28521815.2020547,41946301.6270668,54761978.1708784,120947150.2,4185163.3,121486849.032164,945402443.467836,68794807.9712919,15245042.4545854,32581499.5741228
"MYS","East Asia & Pacific",2015,"UM",163892806922,2987700677.30923,946958697.327155,2860332697.36362,17052494943.3,271501668.5,0,98833830084.2,2071322236.62081,927044890.916488,3879533771.46271
"NAM","Sub-Saharan Africa",2015,"UM",7464906788,127869636.217044,98872592.7888084,94237785.9941479,629918468.7,44809661.4,534840811.111031,2430140179.78897,816145602.477133,73520130.7439277,131134551.778939
"NCL","East Asia & Pacific",2015,"H",2501602993,49440589.658208,241561016.247946,237325044.093846,179142092.7,9947074.1,0,1233279396.2,235595490.844086,16729919.8481954,19870591.307719
"NER","Sub-Saharan Africa",2015,"L",2282543809,60389455.0033378,59498099.6110162,171613906.385646,100194163.6,7846909.5,117846961.141281,1223109569.75872,882347688.606349,55314299.5121235,48391296.8815274
"NIC","Latin America & Caribbean",2015,"LM",5419383545,162183811.30499,121454970.950799,449916206.744211,532581309.8,32538507,354821734.103997,2909844336.096,43570128.3150424,23632822.2906025,120831392.394355
"NLD","Europe & Central Asia",2015,"H",382777535270,2706897843.53432,3421700443.62557,5844526004.84011,49912505241.1,3944918533.8,0,227620200421.1,747366819.236925,989228139.634205,12572489519.1289
"NOR","Europe & Central Asia",2015,"H",76219261654,1372072797.00432,1238771368.68777,5813268484.30791,6572271337.5,657344376.8,755162498.900964,37602687549.799,4699318035.25948,938688245.559654,5393816462.18087
"NPL","South Asia",2015,"L",6587516361,116363043.68881,59946026.681397,272951500.629793,476914877.5,37820127.7,647602384.97336,2365466807.82664,106627190.816432,34088372.0117268,56147767.1718412
"NZL","East Asia & Pacific",2015,"H",35941197867,174822226.575292,260569133.777098,514321841.64761,3074266979.7,157614381.3,783303745.331776,15456173995.6682,1395377086.73839,256263907.212065,1028373477.04955
"OMN","Middle East & North Africa",2015,"H",24254846556,3534419170.1004,1128298398.65721,2443957997.24239,2018495096.3,76722653.3,826182292.576271,12902498510.8237,4519949233.4827,398144552.240351,690779706.27695
"PAK","South Asia",2015,"LM",42331643162,522680139.316616,556065458.294945,1535051774.38844,3769954445.4,25841997.6,4601789075.41513,21285607939.5849,933238850.097021,354237573.516439,1616155501.38654
"PAN","Latin America & Caribbean",2015,"UM",10153105919,11100239118.2784,2283058665.97739,3286070600.74426,2342608453,186086816.3,1309747541.18303,17044544833.517,2461347979.71367,419259486.443401,643276449.842933
"PER","Latin America & Caribbean",2015,"UM",37503362022,1008168328.295,283404143.035224,701153056.669771,3256910270.3,38671347.8,616803121.817808,11953265647.0822,507860533.729052,181444689.296139,322128990.974809
"PHL","East Asia & Pacific",2015,"LM",64491777580,2255904889.75318,619788029.851851,1197466355.39497,8700215735.30001,3394306998.7,5954853123.10622,51410440426.8938,2959579577.1127,650557061.737487,3541260662.14981
"PLW","East Asia & Pacific",2015,"UM",134146873,5259469.88088565,7119887.52424503,9251956.59486932,6416604.6,284757.9,1114625.74,52141457.76,6575592.618079,175758.134429078,514035.247491919
"POL","Europe & Central Asia",2015,"H",186622324101,574663473.358413,690814913.701152,1978234891.94043,19736827094.3,431357590.7,6596880309.84394,84750596688.1561,774329750.008608,638355260.975548,2119972216.01584
"PRT","Europe & Central Asia",2015,"H",65345732972,1135863631.21289,591481124.509313,1212666390.2778,6016378155.1,79383859.2,2428826819.59552,18473661389.1045,865733305.897806,441892150.091305,1543225794.01089
"PRY","Latin America & Caribbean",2015,"UM",10240656510,207052077.463296,115113184.479909,186383129.056795,817719464.1,15129995.8,694802652.535128,3690683296.56487,84072014.2570239,28766886.981258,79862705.7617181
"PSE","Middle East & North Africa",2015,"LM",5213616088,36190158.5898852,25756093.8381643,81884310.5719505,75636304.1,194338.5,31364090.0039788,1035002914.39602,21622380.3826672,10021047.2527774,34927261.3645554
"PYF","East Asia & Pacific",2015,"H",1516221416,46853759.6364861,26136589.1446228,43809109.2188911,120833280.4,4390786.2,89902915.4884952,605575557.911505,14718197.4415899,5227046.67145057,18675388.8869595
"QAT","Middle East & North Africa",2015,"H",32257544550,2121969607.41385,1493681734.10463,2060662748.48152,2576955470.7,259651878.5,971006747.040601,22405255870.7594,7221912102.35887,845605847.607519,9676988037.03362
"ROU","Europe & Central Asia",2015,"UM",69472750309,246054571.250381,322457984.353342,609611940.396277,6621346480,87465138,0,22302860612,775036551.095065,640550756.435432,2218893856.4695
"RUS","Europe & Central Asia",2015,"UM",174380780475,4730793009.51751,1294940127.29363,3777338139.18886,16748440025.9,732692828.8,7803285228.39102,77424544361.909,33295921454.1726,3589594522.72984,27677884488.0976
"RWA","Sub-Saharan Africa",2015,"L",1689828795,24461096.5324421,60378056.8769949,85873043.590563,84516472.1,949604.2,105929306.431836,806257313.268164,100353346.163783,6487610.45902523,16928708.3771919
"SAU","Middle East & North Africa",2015,"H",160336572823,7025737337.13241,2170126715.87737,5743924618.99022,13942045546.8,141758578.6,6345482901.72328,94452018993.8767,129738670398.737,3656690563.44662,7899516699.81609
"SDN","Sub-Saharan Africa",2015,"LM",8253559872,339417391.79636,491886073.830362,1148297736.37328,591453186.8,39130058.8,0,4869619306.4,442277094.764548,89983279.7665592,274504764.468893
"SEN","Sub-Saharan Africa",2015,"L",5064068258,152257271.908737,214591318.941841,383918878.149422,684442620.9,2985226.3,869673779.644719,3638738106.15528,104811484.778062,44306497.6559707,215902657.565968
"SGP","East Asia & Pacific",2015,"H",269133529603,10485266054.1336,2402303419.07596,6581065252.79045,23905407615,1080345105.9,0,148869981152.1,4949699250.79824,944049562.027245,3982795647.17451
"SLB","East Asia & Pacific",2015,"LM",449103564,12999378.9719196,30350505.6619411,41367275.3661393,24687788.3,2082635,21607239.4666573,273776719.233343,61258106.1946817,8174568.53496772,110110829.270351
"SLE","Sub-Saharan Africa",2015,"L",1739578691,144597825.977544,202220444.164996,185939173.85746,64889424.6,92805581.2,0,1058535273.2,372429453.61162,54387836.1754138,174783613.212966
"SLV","Latin America & Caribbean",2015,"LM",9982477856,192227780.029523,118313726.59984,337680726.370637,786335641.7,28380258.9,567976632.0178,4033453677.3822,137735073.041234,38997920.5157687,232162382.442997
"SRB","Europe & Central Asia",2015,"UM",18114580960,144179988.875042,189295891.315085,428447027.809872,1575210664.4,24377709.8,0,10481196798.8,497808902.288749,134624691.286516,502098269.424735
"STP","Sub-Saharan Africa",2015,"LM",138802673,25655807.0396954,4778093.71018499,7413455.25011962,7722050.5,3580310.9,7010777.5615837,37064911.0384163,5611387.43406034,967221.8749482,1585161.69099146
"SVK","Europe & Central Asia",2015,"H",65919581864,1156333581.70166,682520269.772382,706187958.525957,6397061735.7,160002235.9,2205505662.52605,34585082862.8739,772966390.848334,425193310.221316,1156421215.93035
"SVN","Europe & Central Asia",2015,"H",25458988486,844749829.463456,427588085.915982,612115499.620562,2716902876.2,70775926.4,1050684118.20393,12450222606.1961,383031192.987266,271121200.161435,869090472.851299
"SWE","Europe & Central Asia",2015,"H",136255297834,562753154.104435,697402930.929335,1364725325.96623,12387796323.5,178521301.5,4371886009.88484,50388307560.1152,1258337378.07596,1123416697.6977,4540262516.22634
"SWZ","Sub-Saharan Africa",2015,"LM",1448493510,80453621.7360093,66338026.3871409,52055344.8768498,134556147.8,1268331.3,115516095.628378,123762526.271621,162421257.460069,34646142.9262826,97489792.6136482
"SYC","Sub-Saharan Africa",2015,"H",960826892,100398225.867482,76421851.2857287,114590884.846789,60324599.7,2587118.7,12109271.6267559,539540318.973244,78187746.6934741,28587911.3627433,81060756.9437827
"TGO","Sub-Saharan Africa",2015,"L",1621218279,406525429.787476,651002988.228995,1171348771.98353,746502913.8,659969.8,796115863.68664,5388893337.71336,516449387.078471,42554702.5699346,213112820.351594
"THA","East Asia & Pacific",2015,"UM",193547284138,5183279206.10208,483356759.250349,4497400145.64757,15958843927.8,1906703649.8,11865035058.0318,72816933530.3683,5163132342.72757,847199974.182507,3570596733.08992
"TTO","Latin America & Caribbean",2015,"H",8039004178,96842585.1406271,391303552.929276,344332209.930097,561152837.1,2523872.3,0,4063421926.6,184370391.63887,38287687.9968395,416884688.364291
"TUN","Middle East & North Africa",2015,"LM",19579638551,290462777.407611,324855205.416524,1473429563.17587,1656713712.3,15312755.4,2151676240.68495,7959890628.61505,728899831.941104,293279938.211598,986601506.847298
"TUR","Europe & Central Asia",2015,"UM",185619175725,2132250961.7913,2324835530.64711,6253380993.56158,16169528154.3,260953154.8,8697058307.23082,60608923997.6692,2258558661.10519,1017256067.921,5019533041.97381
"TZA","Sub-Saharan Africa",2015,"L",14378503751,187442672.144482,206650626.516953,252792794.338565,1008735207.4,12232536.4,1131264007.62511,6006898722.57489,402708044.155701,77212215.1745632,259254975.669736
"UGA","Sub-Saharan Africa",2015,"L",4940467780,126755842.17711,128711045.770021,126385309.052869,223597569.8,5778181.3,170744363.486625,2529991722.41337,132503779.834421,54946197.3907971,156667242.774782
"UKR","Europe & Central Asia",2015,"LM",37098140761,318826426.177973,308703995.935969,1525033492.88606,3312514323.2,117555546.7,990081384.596845,13922998495.5032,1049865145.57649,300452236.321131,2808956572.10238
"URY","Latin America & Caribbean",2015,"H",8856476959,438539222.167019,179218398.569616,261858961.263365,1052066120.4,42692749.6,986637815.184059,4078126554.81594,1820781301.59685,190248822.082329,418575954.320816
"USA","North America",2015,"H",2247058822851,7377690034.86759,1794974376.25883,14202456489.8736,203339496039.5,4761469651.4,53154994898.2749,536532069909.825,36549050531.0761,8557662180.59932,35862591669.3246
"VCT","Latin America & Caribbean",2015,"UM",320345023,128481238.438532,35421241.5752993,25241395.9861685,17962403.5,1212333.4,21738543.5133629,122353438.586637,55583326.014119,15858123.6042586,20571535.3816224
"VNM","East Asia & Pacific",2015,"LM",152359397803,5270872897.2426,1178418255.35288,3970786636.40453,17231519547.2,1788930678.6,13437044487.366,89156259332.834,2170283542.12025,739617696.812516,3204546389.06723
"WSM","East Asia & Pacific",2015,"LM",367072472,5384133.20843343,35626144.875541,46719299.9160255,22329667.4,455484.2,20691037.0721383,206460027.327862,9266895.63494603,4917853.14455083,8600151.22050314
"YEM","Middle East & North Africa",2015,"LM",6187525991,166638605.329666,348929723.384835,1469652625.2855,478802795.5,116323763.6,343439947.356215,3255136170.54379,1436287327.89311,250860601.120422,68970658.9864645
"ZAF","Sub-Saharan Africa",2015,"UM",80931112482,2740958611.82072,400725102.797426,1412483950.38185,7631153520.7,908080919,5719953678.15222,35992506967.1478,26989451021.0142,991217301.575531,9999653112.41026
"ZMB","Sub-Saharan Africa",2015,"LM",7028095544,65334644.5448049,97780249.7644185,125303297.690777,425072948.4,202817383.7,425915302.508586,2192704455.39141,3165509196.65273,146038238.145837,180748779.201428
"ZWE","Sub-Saharan Africa",2015,"L",5975000696,33601607.7354661,57760529.1575238,126676952.10701,369273314.5,7335828.7,477164789.197003,1578982159.603,555156276.371955,159766465.523651,444763567.104394
