"iso3c.m","region","year","i.group","trade.value.USD.all","trade.value.unmatched","trade.value.unmatched.tt","trade.value.unmatched.hs4","trade.value.mismatch.costs","trade.value.mismatch.extreme.p","trade.value.mismatch.residual","trade.value.unmatched.im","trade.value.unmatched.im.tt","trade.value.unmatched.im.hs4"
"ABW","Latin America & Caribbean",2014,"H",2112667193,1890059093.40395,458092704.467946,1221710259.1281,269392410.5,6457069.9,2571224600.6,742491034.915257,79985168.2195603,102512845.865183
"AFG","South Asia",2014,"L",10845414611,7869750784.93577,1856395967.71571,6112119245.34851,203633877.4,290959796.3,5087834886.3,554654625.695705,68467213.0023885,273078535.301907
"AGO","Sub-Saharan Africa",2014,"UM",45222865367,633619739.224454,678727363.55712,1269547921.21843,4251255195.5,186855265.6,31949609399.9,1618436071.72594,770736274.269794,4186285804.00426
"ALB","Europe & Central Asia",2014,"UM",9463529689,325231984.865079,465613904.614589,559297022.520332,758456346.8,66544390.1,5504320945.1,1104563019.94518,149942618.318062,356430547.736762
"AND","Europe & Central Asia",2014,"H",1551157375,53032560.1218425,62713250.9730778,124070003.90508,270751425.7,26698016,1239020651.3,340283630.452211,11606756.5312153,21616142.0165737
"ARE","Middle East & North Africa",2014,"H",428909447196,7742479409.29424,1424168982.58954,11023751830.1162,45738928420.5,13554177831.1,285835333637.4,91060300668.1796,4406604135.74535,16969452164.0751
"ARG","Latin America & Caribbean",2014,"H",122343711950,801727598.094404,547407259.331457,1263377466.57414,10984958945.3,341335728.1,46184708478.6,2239027992.7168,411044173.847463,2071471191.43573
"ARM","Europe & Central Asia",2014,"LM",7335806981,311454948.903315,82998412.7318056,185435441.364879,417015673.5,117405003.1,2696956513.4,119369838.603276,31448516.1959867,225403120.200737
"ATG","Latin America & Caribbean",2014,"H",757499884,1057941217.96465,74922720.0324845,87264279.0028682,136294980.7,11148558.5,1153648355.8,399546636.346177,55788434.8385228,20525993.8153007
"AUS","East Asia & Pacific",2014,"H",395366313850,3959378708.40171,2275430158.87896,5910045753.71934,37782201188.8,1245625887,142457828290.2,16653797566.3825,4887555239.50165,56798239080.1159
"AUT","Europe & Central Asia",2014,"H",308160549578,1534435228.46886,702768293.375338,1987602105.1558,30794758001,3442277454,133642655677,5145084497.69165,2080956361.25214,16045094639.0562
"AZE","Europe & Central Asia",2014,"UM",18261247824,942333630.01512,705950188.396926,1167755231.58795,2345534299.8,289752388.7,15230745056.5,824834059.547792,84872767.6420124,270952689.810196
"BDI","Sub-Saharan Africa",2014,"L",1151408021,21889731.1671858,38573623.4875952,70964752.345219,65659777.3,970358.8,640484671.9,51533337.9873277,7221516.54404685,20470882.4686255
"BEL","Europe & Central Asia",2014,"H",818514249196,3567066171.41856,2614161379.35052,6575809556.23092,72333579444.7,11915402659.6,296785375597.7,2459786236.43051,1826269509.85781,17018895331.7117
"BEN","Sub-Saharan Africa",2014,"L",6011380551,271753930.788409,568912707.319646,1335468583.89194,1337129804.9,3014898.2,12167137040.9,883173961.624157,35330932.3603314,83905210.0155114
"BFA","Sub-Saharan Africa",2014,"L",6069096171,305450692.165358,90981202.3752649,155266430.459377,378630582.6,6270962.6,3561959887.8,245758499.005913,56950551.1740685,59521018.8200187
"BGD","South Asia",2014,"LM",45912338889,2240355647.11678,679801122.393289,3104867635.48993,7390545648.2,1457394061.4,45687170942.4,988383832.068201,371781740.661362,1510633582.27044
"BGR","Europe & Central Asia",2014,"UM",62855736858,1319268942.50999,444657701.692348,970770423.797666,5591553363.7,289317896.9,23492831134.4,914851137.907649,437857265.511139,2710963291.58121
"BHR","Middle East & North Africa",2014,"H",36019908843,707165793.645786,314438727.643191,717402115.711023,2321095357.8,283074813.7,15659086675.5,1086480914.56105,203444024.624579,3132985950.81437
"BHS","Latin America & Caribbean",2014,"H",6723507749,10386063780.5985,1706463094.92402,434082624.477507,804038852.5,288884144.8,5837521139.7,4095701905.46205,186234497.099123,170283056.438826
"BIH","Europe & Central Asia",2014,"UM",19860369729,165861172.295942,68701592.036674,156947526.667384,1650757739.9,88297256,7621926872.1,446264238.552372,154025333.763756,547987717.683872
"BLR","Europe & Central Asia",2014,"UM",68662710100,307509345.155196,458419233.991803,427733397.853001,5113242976,90515675,16475238351,752774766.249887,227586269.928597,833640075.821516
"BLZ","Latin America & Caribbean",2014,"UM",1727877116,299967048.754593,95972806.7211627,105969326.524244,138814365.1,2231077,989802284.9,355963575.364493,56317417.6478605,107561532.987646
"BMU","North America",2014,"H",1878512547,3987210085.25808,456103574.256853,659878308.485069,226523048.6,531822220,1368864737.4,71147835.5304179,64440081.8104013,58573815.6591808
"BOL","Latin America & Caribbean",2014,"LM",20145800248,787643663.348517,136274789.996647,557222409.654836,1478871510.5,89563870.7,9513280184.8,584411428.716528,75652435.0035383,138728330.279934
"BRA","Latin America & Caribbean",2014,"UM",390869771951,8955597666.83712,1340480848.70827,3435721133.45461,36114792192.3,549375222.8,137630692531.9,5496369241.37897,1660323850.10497,8528605023.51606
"BRB","Latin America & Caribbean",2014,"H",3339146263,133442443.556556,63555877.5307994,112516471.912645,272897743.9,12741237.5,1700627507.6,148149569.660208,104525167.482209,33343016.857583
"BRN","East Asia & Pacific",2014,"H",6720158668,191815007.640478,199111746.802593,337762561.556929,1060163557.5,580011040.9,7979976980.6,181091870.040954,21400769.8879918,54222896.0710544
"BWA","Sub-Saharan Africa",2014,"UM",14979633080,61738296.1528447,59102645.6430063,99658002.204149,1375451054.4,370944949,3198600318.6,334012883.62269,35728367.2032645,35680030.1740457
"CAF","Sub-Saharan Africa",2014,"L",748797978,100164688.735568,65906776.0169467,82037257.247485,28859784,2368846.7,358302510.3,47472386.9309565,10344465.7164532,21176021.3525903
"CAN","North America",2014,"H",872835248520,1542765976.22465,644063772.833712,3244648171.94164,85001463150.6999,29986878526.1,230287141216.2,8437955549.66925,2175173292.49541,9804705170.83534
"CHE","Europe & Central Asia",2014,"H",514531333235,12985858359.3615,3111579971.40496,6387374553.23354,49446550853.6,60866227442.3,186432333594.1,8833194935.1424,2187217369.91972,11834270266.9379
"CHL","Latin America & Caribbean",2014,"H",130118963360,6531394974.76447,690809610.467594,1581644209.76793,11576639648.1,2095430878.7,38406245085.2,2969543926.48767,722814705.106751,1488074151.40558
"CHN","East Asia & Pacific",2014,"UM",3267515725847,23155567141.5989,2998868174.38811,30719180132.0129,267185620845.5,208671995218.2,1388182550830.3,292922074778.838,6478432994.09137,30298942230.0705
"CIV","Sub-Saharan Africa",2014,"LM",19745698230,524134131.197533,257047641.137408,502551642.665059,1623098807.7,86259453.5,9794528496.8,701005858.265267,302655061.343626,806997230.391107
"CMR","Sub-Saharan Africa",2014,"LM",13209989563,418830361.04438,204052352.280314,372750178.675305,1197132484.3,90757033.8,7820282029.9,248983737.144945,77152061.6549358,269472436.200119
"COG","Sub-Saharan Africa",2014,"LM",3251711044,1155528498.82771,574645142.619165,1056039590.55312,827065504.1,67314063.8,5747367387.1,2599087689.26282,407609214.179832,2159005243.55735
"COL","Latin America & Caribbean",2014,"UM",113880780720,430921169.383541,514118401.9936,1788537656.62286,10510932151.1,171171581.1,43032100456.8,1950678616.95803,332031278.654376,3204671998.38759
"CPV","Sub-Saharan Africa",2014,"LM",1339209419,86747216.000722,39646461.2967657,54155511.7025123,114629729.5,1999541.8,640770512.7,6634561.29370939,6760490.10958199,9009426.59670862
"CRI","Latin America & Caribbean",2014,"UM",31463097513,1365815232.32665,192940958.068549,310992413.604796,2657093241.6,73947987,13918022904.4,1923800909.22626,171446777.064386,587846754.70935
"CYM","Latin America & Caribbean",2014,"H",395743586,2966678584.66748,747685576.447796,811552941.884728,67638548.4,0,292669393.6,NA,NA,NA
"CYP","Europe & Central Asia",2014,"H",12073478700,2134818764.55923,962034857.385635,767978647.05513,1610018299.4,63997863.4,8716099214.2,2381420270.02984,448421285.85233,965107278.117825
"CZE","Europe & Central Asia",2014,"H",290008374489,2184939241.00197,422573088.276264,1518674565.72176,52572010829.3,4553769323.7,259433585521,2348604928.35148,783370517.208897,2844725270.43963
"DEU","Europe & Central Asia",2014,"H",2245122215639,5179252798.1262,8637145069.96665,38354452890.9072,214440134098.7,13681854839.2,960444869328.1,15144509056.569,9212158728.64445,39063988188.7866
"DNK","Europe & Central Asia",2014,"H",180899709071,811880398.444752,1546174183.10206,3045776728.45319,17779463355.3,494137614.8,73100940023.9,2727884708.00309,1377512460.226,17351848516.7709
"DOM","Latin America & Caribbean",2014,"UM",33215563536,174624848.382428,231929074.529544,989795588.088028,2905055305.4,3280733747.7,21412368846.9,605656982.011228,123713336.736868,893898648.251904
"DZA","Middle East & North Africa",2014,"UM",109937810016,2975646762.81615,778770288.04529,2759911464.13856,9746030008.40001,188948431.2,48080755447.4,1466758461.67566,131006342.778516,4135251245.54582
"ECU","Latin America & Caribbean",2014,"UM",48196963688,455691117.179132,668764646.041063,727730532.779805,4020033509,92800406.8,21559242641.2,738521917.40531,193074589.245512,275770177.349178
"EGY","Middle East & North Africa",2014,"LM",143490996740,3062348490.90506,2502885758.84143,11302607771.2535,12855082533.9,3484738084.1,86740929392,4366248294.67472,1627727450.53539,5326797623.78989
"ESP","Europe & Central Asia",2014,"H",639123792081,2747533875.65651,964092012.005293,4337706249.33819,60675341800.4,3922404915.1,245696122349.5,1951349150.6987,2349236544.35794,10188675114.9434
"EST","Europe & Central Asia",2014,"H",33863292024,237606968.514693,371721732.020903,736871939.464403,3676437615.1,530551237,20461570678.9,769113057.83344,333249095.285273,990474035.881287
"ETH","Sub-Saharan Africa",2014,"L",37719776577,477908065.710413,351460344.401302,694443628.888285,1825535238,60055146.8,25310220131.2,226113524.211766,62586756.6719856,970653365.116249
"FIN","Europe & Central Asia",2014,"H",131309233577,1905740424.07763,1348173344.68886,4059416899.23352,13081690059.8,546767394,53790525982.2,5110007934.12676,1259114575.2331,8847488152.64014
"FJI","East Asia & Pacific",2014,"UM",5184671883,26142928.1351644,109661729.974147,301980558.890689,367811866.2,139274790.6,3766765096.2,64965855.0810513,44951606.6763735,137349361.242575
"FRA","Europe & Central Asia",2014,"H",1192731813325,2072065755.28658,3169493152.63278,15360532432.0806,120498516364.8,4340856799.7,527280955662.5,14305376243.6194,3606450868.70421,24767405178.6764
"GBR","Europe & Central Asia",2014,"H",1299025576120,8267682613.64059,2618015826.1783,17175877956.1811,126018996868,29765042736.6,479428645149.4,16850758504.7151,3388668686.36946,17076541914.9155
"GEO","Europe & Central Asia",2014,"LM",15225575668,260601549.807145,273768059.241246,573884691.951609,1533680711.3,807563659.1,6220600843.6,555080263.524332,126233978.560448,423421200.91522
"GIN","Sub-Saharan Africa",2014,"L",4511266646,206819787.726956,236984591.787458,424889633.485586,638294266,23642199.1,4639240856.9,1196456450.89722,45365797.3900349,127756476.712742
"GMB","Sub-Saharan Africa",2014,"L",785507471,160207017.89409,164962318.009823,489117763.096087,129446637.4,1145021.1,1126683562.5,33638968.5913548,9882341.75348806,103679552.655157
"GRC","Europe & Central Asia",2014,"H",107330170852,872301280.455035,575444176.300887,1228003223.24408,9026775520,633092660,38540205691,1355154650.26322,433831761.365923,2112531081.37085
"GRL","Europe & Central Asia",2014,"H",1350028648,109063739.884798,47018597.3153916,73081351.79981,128399669.1,584311.2,192333324.7,236619484.940062,135446009.799145,255357684.260793
"GTM","Latin America & Caribbean",2014,"LM",35503566713,281769117.018946,218966340.069093,398920050.911962,2974409914,87502261.2,13211908866.8,1664961675.24709,143276908.86693,684845471.885982
"GUY","Latin America & Caribbean",2014,"LM",3646650277,176458760.369074,91516741.0272401,150308427.603686,229849103.8,17352167.7,1458723743.5,105949808.684845,39237767.2588178,142702304.056337
"HKG","East Asia & Pacific",2014,"H",1083839631355,6344303825.40602,3095839614.85246,11289302788.7415,125878787921.7,103282078699,418782889555.3,2216784798.53502,1219281239.71399,4747555914.75099
"HND","Latin America & Caribbean",2014,"LM",16123177312,450383788.354593,234063869.147105,1379779536.4983,2003014258.3,53008576.8,11669251839.9,1539341573.56179,134790665.615872,2239707479.82234
"HRV","Europe & Central Asia",2014,"H",42687163939,1226907230.20266,526089195.821549,740727961.975786,3990145950.5,560832533.7,13098596918.8,1593174302.89654,273862650.562191,839510252.541273
"HUN","Europe & Central Asia",2014,"H",193453287508,2421353568.9557,2297256207.37352,1998073394.67078,17914388263.9,1827807171,79904866445.1,1170636665.66197,757360258.758154,3026065765.57987
"IDN","East Asia & Pacific",2014,"LM",313199743624,2094923594.18784,1089116266.97569,6541121678.83647,30971914398.9,287163202.2,131039102805.9,5914684915.54081,1644202557.56727,10158469112.8919
"IND","South Asia",2014,"LM",797927956908,3717380399.84709,1781887722.24277,7004731948.91014,61024113660.8,20838319539.6,270775470791.6,2150636798.65097,1255139603.11763,8405466106.2314
"IRL","Europe & Central Asia",2014,"H",154818224570,1496900850.42032,820020562.81058,1654829450.7691,14106869001.1,1477753039.5,90626490804.4,2348583440.02784,1384910424.84377,6070783882.12839
"IRN","Middle East & North Africa",2014,"UM",51217415709,8614144704.64104,3121212348.13288,8210081019.22609,10656788840.2,84112396.4,80604408141.4,65360394897.197,1165971825.19318,2576979213.60981
"IRQ","Middle East & North Africa",2014,"UM",31743653467,29612258183.4159,7978967702.81492,21106904554.7691,3964690643.3,6029281218.5,44090423670.2,134390288764.711,1521262529.03186,658312731.257278
"ISL","Europe & Central Asia",2014,"H",10496959132,115132826.923538,201559637.383997,230588811.692465,855835394.2,34107808.8,5334499641,398575364.084966,232789382.70766,791873572.207374
"ISR","Middle East & North Africa",2014,"H",113820239000,7118165080.97001,2575741245.56036,3896465097.46964,12205673408.8,17437386157.9,47286182117.3,12119564198.0766,1367807624.49886,5634935756.42451
"ITA","Europe & Central Asia",2014,"H",863274643170,2575162885.22181,1406553553.59232,5383287138.18586,85920285694.3001,5835691088.3,254511932764.4,1940929442.58767,1393326329.58553,7363664262.8268
"JAM","Latin America & Caribbean",2014,"UM",9467997372,100184242.309003,134184556.739971,294648755.951026,857792114.799999,24344043.1,4428495140.1,248388690.202292,32237822.8937135,162660466.903995
"JOR","Middle East & North Africa",2014,"UM",41834253366,1302197248.37545,917135496.789666,2813084366.83489,3696219477.7,2939761004.6,22825216202.7,1816661344.49595,389335983.748964,2315452247.75508
"JPN","East Asia & Pacific",2014,"H",1380480991735,8948121884.19544,1816819431.43211,11483760844.3724,109244506852.1,18826949044.9,451318730163,4563625242.21329,3709898752.49418,16411696452.2925
"KAZ","Europe & Central Asia",2014,"UM",69277795665,341469138.817507,383807220.656766,1462414296.52573,7197164499.6,545684969.3,35059278161.1,3662341987.16599,375911484.333495,1386376178.50052
"KGZ","Europe & Central Asia",2014,"LM",3991366927,180000454.296256,156681898.413325,958920736.290419,1542177693.2,91646186.1,11587888418.7,169722468.136713,36948958.6530924,36451639.2101946
"KHM","East Asia & Pacific",2014,"L",19092276367,968201155.265037,1239473923.74377,3106046195.99119,2592156570.1,1402553796.5,24443725940.4,888633280.121591,372553638.08679,3782413769.79162
"KIR","East Asia & Pacific",2014,"LM",213995864,87143240.5103515,44580216.1297418,34734765.3599067,18783214.6,9686963.4,144040842,98560211.6868544,6729478.56742415,73942106.7457214
"KNA","Latin America & Caribbean",2014,"H",547284610,168746945.001659,41778720.7181432,54515522.2801981,47444871.4,1989614.9,350929161.7,96452668.6440264,10169708.982683,11396477.3732906
"KOR","East Asia & Pacific",2014,"H",924473367212,3855281310.57108,935007637.259808,6058765437.16911,77635623339.7,5945276426.9,329235264906.4,5710244097.6008,1896717006.71224,11216401317.687
"KWT","Middle East & North Africa",2014,"H",62754552224,1736339213.25114,864421970.513909,2703414741.23495,5591873786,205610193.6,35974288862.4,115185818715.286,2308803046.91263,8493084630.80104
"LAO","East Asia & Pacific",2014,"LM",8174434916,356555344.896291,470871586.853735,1077141560.24997,1193281340.4,1716194089.7,8355022001.9,1499234649.27418,364186178.383081,413493116.342739
"LBN","Middle East & North Africa",2014,"UM",38185808303,1173291875.13367,404705455.572733,1321165258.2936,3596737224,591205907.7,18432070464.3,261333793.911304,163134812.981537,458121598.107159
"LCA","Latin America & Caribbean",2014,"UM",1185566746,2092571752.20019,113409735.239978,42076649.5598352,167721323,2714044.2,1302622114.8,115424862.841493,4186513.61579339,13626727.5427137
"LKA","South Asia",2014,"LM",37235974598,4937232251.80937,419623612.503224,1012806177.6874,3336206955,733392993.1,16580822903.9,472365199.326471,220180854.164207,786905934.509322
"LSO","Sub-Saharan Africa",2014,"LM",2615064277,37533651.1684189,32594803.1290786,29767494.7025025,277569196.7,139215231.8,1432830332.5,144770159.019404,17889432.804207,664811026.176389
"LTU","Europe & Central Asia",2014,"H",63006609830,645321557.972689,504409490.710157,1121714956.31715,4924944994.5,879495417.6,27549621243.9,897049731.870122,369593944.649564,1493298548.48031
"LUX","Europe & Central Asia",2014,"H",40136921617,3444041605.41879,870486759.475711,1381460486.1055,4544730839.2,371048712.3,23505632653.5,2253531686.00464,768333083.342339,3003039242.65302
"LVA","Europe & Central Asia",2014,"H",30470089802,347124745.288677,789115516.404865,793286794.306458,5190231673.8,617639204.4,29635406438.8,1654601025.48198,422426419.989158,1482018778.52886
"MAC","East Asia & Pacific",2014,"H",21705529725,480317930.173258,489622672.049862,418827473.77688,2321900307.2,1279044250.7,16834522485.1,597477025.177705,125354145.370652,417665659.451643
"MAR","Middle East & North Africa",2014,"LM",82798189752,532717485.227354,630292735.029732,1663380473.74291,6788096037.6,215292218.4,37543240850,2341396209.75828,672347759.759591,5919452026.48213
"MDA","Europe & Central Asia",2014,"LM",9216819227,299832325.374202,252004732.802433,259138524.823365,821236419.1,22269649,4423406930.9,459061308.22706,68576998.2421074,443730978.530832
"MDG","Sub-Saharan Africa",2014,"L",5814657974,65355910.6284509,115949141.229489,183585400.14206,541862697.1,9769307.5,4426311502.4,568102290.463186,59886650.4302601,153650587.106554
"MDV","South Asia",2014,"UM",3876319561,114877437.117066,143348939.357503,264799710.525431,226277213.4,186995912.5,2177750286.1,19836247.1251637,12540159.3484451,32590501.5263913
"MEX","Latin America & Caribbean",2014,"UM",781647333831,835868393.562779,913922763.908386,5770531219.52883,72234339026.1,15816033254.4,311022112250.5,2762174468.91637,1588885127.7203,6516545011.36333
"MKD","Europe & Central Asia",2014,"UM",13636580636,105240693.543063,116721778.020786,448502544.436151,1178106509.1,177997345.9,5212914710,730550833.545756,110258141.712929,214926140.741315
"MLT","Middle East & North Africa",2014,"H",14488768292,7945487268.81879,1507539873.55878,758777761.622432,2708277320.5,99081130,16810222037.5,797864022.715417,250895756.252881,776364162.031702
"MMR","East Asia & Pacific",2014,"LM",33035597792,2066264580.2046,1157281624.61759,2990351757.17781,3845116623.8,3071741755.8,33852784380.4,972114876.073738,395541007.389791,14210278140.5365
"MNE","Europe & Central Asia",2014,"UM",4397327831,159224000.904138,144261494.133414,86285202.9624479,443994067.8,97825082.6,1720147721.6,219202547.296952,35675085.5945366,135943062.108511
"MNG","East Asia & Pacific",2014,"UM",8895318750,195707248.35096,111452356.957748,139282729.691292,882395596,40026419.6,4260955281.4,195255098.599598,38690709.2618685,864757128.138533
"MOZ","Sub-Saharan Africa",2014,"L",16539121935,510689644.768127,1111625752.19149,906821842.040378,1874992234.7,534725371,12776838277.3,2390423508.6282,469911167.604842,448316505.766962
"MRT","Sub-Saharan Africa",2014,"LM",3634171831,452952421.093648,644644706.762707,1612952467.14364,361360931.5,5004441.7,3887335060.8,498508605.3915,77172767.6414452,1276813496.96705
"MUS","Sub-Saharan Africa",2014,"UM",9788806930,191801357.262498,449941685.375768,349860580.361734,831158937.3,154707936.7,4452418088,927787380.610832,95154401.3260853,256901363.063082
"MWI","Sub-Saharan Africa",2014,"L",4996765666,39652468.1485451,52796990.8487973,106569439.002658,264732187.3,5092265.3,2642264982.4,130610541.523286,25205935.6332341,64655643.8434796
"MYS","East Asia & Pacific",2014,"UM",359420654551,5499924751.61261,1062894972.84968,4716836039.53771,37316001767.4,11269763536.2,210703238706.4,2977734641.77724,1441201426.77843,7993924613.44434
"NAM","Sub-Saharan Africa",2014,"UM",15389671739,242040241.32461,212095493.124504,199154010.550885,1359923708.9,164604993.5,5865411086.6,1435512161.52661,78652030.8800266,237557800.593362
"NCL","East Asia & Pacific",2014,"H",5784349987,46890755.5078707,98240411.0476289,146094191.4445,491639962.4,6930514.1,2944223457.5,313092921.288808,10809269.0920311,33035025.6191605
"NER","Sub-Saharan Africa",2014,"L",4340984273,101823668.328634,161678732.314285,337089056.357081,340214085.4,15252101.7,3691914828.9,1556034898.74437,55575899.3893778,114654366.866254
"NGA","Sub-Saharan Africa",2014,"LM",46049479325,1956245580.12745,2174692363.90151,5440330744.97103,8462326481.3,10598098782.8,46396815134.9,4879646891.89326,888182490.781393,2862243670.32535
"NIC","Latin America & Caribbean",2014,"LM",10298833094,279556754.028678,165408352.312734,698211392.658589,1040843796.3,64083148.8,6593772502.9,65909137.739317,26760397.3335233,112182920.92716
"NLD","Europe & Central Asia",2014,"H",884773233185,5318490683.93952,2810232026.73689,5500901402.32359,113554142937.8,3745414519,506389860344.2,876074713.596744,742389044.31344,6057061949.08982
"NOR","Europe & Central Asia",2014,"H",164832050149,2308784130.39221,1182278428.47297,8616895889.13481,14825772301.1,1451954259.7,82600758380.2,8757424668.38109,1643674236.68473,16155083326.9342
"NPL","South Asia",2014,"L",14147462381,154427425.097376,93171718.8357702,676133102.066854,1194842284.3,386261524.2,7494599967.5,52881251.1922761,38053141.9055752,82174174.9021487
"NZL","East Asia & Pacific",2014,"H",77765436294,613549073.639933,413479789.313598,774544436.046469,6629314946.6,232813521.2,33894018339.2,2864301335.29008,348160893.020258,2392986910.68966
"OMN","Middle East & North Africa",2014,"H",53570275256,1591620810.42995,794759979.483665,1687998659.08639,5222541171.9,288783648,31133934225.1,1474058550.98343,320927507.490818,1070384203.52575
"PAK","South Asia",2014,"LM",88863632493,853498519.686063,807880206.52015,2818151685.79379,7597685425.1,2273510006.3,53102715744.6,1760475623.41971,478050276.101857,2717312304.47844
"PAN","Latin America & Caribbean",2014,"UM",20975732299,26657885853.6102,4203460119.16096,7456567113.22886,5525325322,-25826328.8,43400979077.8,4721420151.67012,819714905.709683,1041817961.6202
"PER","Latin America & Caribbean",2014,"UM",79237578486,738289098.46672,369297684.287028,1246843427.24625,7002892795.2,139709988.2,26509650535.6,779026247.882679,328938915.923853,822607241.193468
"PHL","East Asia & Pacific",2014,"LM",127549468817,4141337428.34934,860956886.274216,1817747399.37645,17982058616,6055187737.1,115551859113.9,4657222926.47608,973981207.63068,6517915523.89324
"PLW","East Asia & Pacific",2014,"UM",283182781,13241576.9710091,15169208.8428214,13951882.1861695,14291545.4,10274556.4,124218026.2,9653008.98910355,749169.631044956,794093.379851496
"POL","Europe & Central Asia",2014,"H",400113265999,1119569963.83609,759093742.541408,2443492640.6225,42131363957.4,824685150.5,198520540642.1,1248531175.48131,800666161.468566,3559712778.05013
"PRT","Europe & Central Asia",2014,"H",143039599825,2723457481.62588,696335395.616932,3189013966.75719,13267529336.4,170416793.9,45888841244.7,1223385564.55396,723112747.186922,2749551502.25912
"PRY","Latin America & Caribbean",2014,"UM",22359029273,249554933.454366,182641182.636249,392276554.909385,1851379620.7,33168800.5,10585286260.8,134395741.684496,46262163.0041698,151078391.311334
"PSE","Middle East & North Africa",2014,"LM",10892502526,66656685.6312415,43979162.8031495,107275984.565609,147912627,191067792.7,1935163652.3,35083178.8593995,15081794.3631652,74201321.7774354
"PYF","East Asia & Pacific",2014,"H",3265900745,99054796.4103748,58283878.5397198,36940912.0499054,275718795.4,8172205,1484786065.6,21961772.4715502,11779964.5833591,29058085.9450908
"QAT","Middle East & North Africa",2014,"H",62562272805,3450035790.57597,898324230.17065,3321454278.25338,5787074899.3,334437682.6,49867932935.1,14859049346.079,1428857710.20809,19261365522.7129
"ROU","Europe & Central Asia",2014,"UM",147069027483,629132941.818582,476114520.573111,862321634.608307,14076783623.8,143847350.6,48627037095.6,1319358158.93845,691936291.584473,4071050391.47708
"RUS","Europe & Central Asia",2014,"H",457038037175,6730117750.51866,3016393986.04304,6930902342.4383,45793378998.2,4559932588.4,224472787446.4,74748980676.9736,6851944507.17349,63958168389.8529
"RWA","Sub-Saharan Africa",2014,"L",3453131889,59119664.7961168,65583242.2989448,157004336.904938,180670373.6,22579118.9,1912340240.5,257239594.410348,12487028.8287261,33863792.7609262
"SAU","Middle East & North Africa",2014,"H",325206200836,9486395808.48834,3603556035.16636,12823357153.3453,29752952520.5,719477358.4,216039444403.1,402073312426.488,7962975150.94495,18942602739.5666
"SDN","Sub-Saharan Africa",2014,"LM",8283857558,697412454.672823,904488632.73665,2958562325.59053,1121828701.5,46346980.4,8480618004.1,1611845403.7842,90445237.2530181,520672206.962778
"SEN","Sub-Saharan Africa",2014,"LM",11887997096,240738852.753239,322421334.686368,565665921.560393,1548985336,6303697.3,9637237894.7,161258163.158913,63104273.8193021,151467103.021785
"SGP","East Asia & Pacific",2014,"H",599716384394,10773773614.4627,3637456610.62904,14099989220.9082,53054127482.4,74915433629.3,257005036225.3,7539542817.52642,1550301174.04553,6473764798.42805
"SLB","East Asia & Pacific",2014,"LM",931625791,20175028.5753278,57983817.9851255,66352543.4395467,52572240,37867963.5,669032715.5,139101207.168826,11960006.327979,139453915.503195
"SLE","Sub-Saharan Africa",2014,"L",3790725335,196310123.953216,328380480.546739,361367187.500044,154298039.8,332804650.8,2158891914.4,1938752402.78118,121582164.708551,723207115.510265
"SLV","Latin America & Caribbean",2014,"LM",20068344651,470287174.687567,193596856.895105,516063072.417327,1586111608.3,41789962.8,9028105778.9,260570839.218878,46260534.038998,360988321.742124
"SRB","Europe & Central Asia",2014,"UM",38635568896,239592303.182525,312878863.951837,650402694.865638,3378098507.5,1202704107.5,22667204115,683915164.770362,221566727.685705,912341229.543933
"STP","Sub-Saharan Africa",2014,"LM",305313555,70152944.2626658,10824670.1462182,13549390.5911161,17245884.1,3446992.1,100938701.8,13971837.5147415,1580803.84003993,4042279.64521853
"SUR","Latin America & Caribbean",2014,"UM",1673695449,107532893.281057,219020205.744203,296907761.97474,267520694.4,1382317.2,1824186748.4,2275070200.26849,111267590.984705,941086835.746803
"SVK","Europe & Central Asia",2014,"H",139843800063,2359983253.02299,1209275384.91265,982112064.064359,16419162398.2,327831526.7,90402469422.1,1504360536.97589,600022461.711863,1968957701.31225
"SVN","Europe & Central Asia",2014,"H",54677246065,1673183775.41134,633738094.320934,939309303.267721,5752579628.2,1025263277.9,28064099923.9,602588243.56752,458002052.425567,1556083299.00691
"SWE","Europe & Central Asia",2014,"H",297440576748,1342365426.56407,1036838737.98603,2045748198.4499,27108593849.9,404852785.8,116722547507.3,2128399985.6308,1681335958.20511,8444552657.16409
"SWZ","Sub-Saharan Africa",2014,"LM",3107083656,118241976.259712,199571387.750055,90501013.9902329,308728750.4,89121038.3,517373305.3,441782100.312404,148985286.344491,271336746.343105
"SYC","Sub-Saharan Africa",2014,"H",2021769237,108924744.352916,127408720.822182,255812652.824903,117916482.2,8297520.9,980619201.9,181715445.463889,45295204.7454243,164214098.790687
"TGO","Sub-Saharan Africa",2014,"L",3301483605,1173388266.84063,727666770.588282,1748845975.57109,1887320544.9,2058342.6,15889972024.5,870508094.635827,124704820.074155,435230241.290018
"THA","East Asia & Pacific",2014,"UM",413571672795,9865610542.84943,699270115.725433,8384601109.42514,33410681343.6,24030554606.1,163658333497.3,9473482523.5622,1146566579.32161,5418839905.1162
"TON","East Asia & Pacific",2014,"UM",215341380,11968216.234681,28273651.3986774,25911450.3666416,29741154.1,15682858.4,208023348.5,4641947.3552176,1742891.78201532,1350817.86276708
"TTO","Latin America & Caribbean",2014,"H",17072354596,153779433.214173,437764055.567222,296745065.218605,1201340131.2,8422023.5,9877854981.3,404981397.729839,98947714.1531131,1223062176.11705
"TUN","Middle East & North Africa",2014,"UM",43669735937,454063477.440322,650919103.519118,3391614216.04056,3788707613.4,29606266.5,23760196769.1,1411715893.01274,547584479.912328,1612910227.07494
"TUR","Europe & Central Asia",2014,"UM",414605976939,4910365235.26802,5520583138.16346,12913009194.5685,35434721027,1440049506.1,166204841928.9,5364310883.41365,1477989275.43212,8965214182.15422
"TZA","Sub-Saharan Africa",2014,"L",26379270010,391046367.846344,398355928.715208,298260306.438448,2342626281.8,138420337.4,15545351797.8,613924107.658117,179875276.82506,558112686.516823
"UGA","Sub-Saharan Africa",2014,"L",10360447774,189810817.032172,167738558.582407,185958621.385421,494715676.5,23461130,5744866841.5,190627822.317622,68971572.1305943,235035567.551784
"UKR","Europe & Central Asia",2014,"LM",91033297134,529944953.45991,534668242.614915,3356556369.92517,8374307261,392802248,36637153259,2401953037.70732,483803934.993679,5908142795.299
"URY","Latin America & Caribbean",2014,"H",19489620113,1020038501.73823,332299343.702005,539939942.559762,2342653021.2,46522764.7,10519890468.1,2994396052.37938,308439413.160452,787317673.460172
"USA","North America",2014,"H",4580814789170,12036548632.7911,2990212571.63327,21002356901.5757,416666752889.6,152581409261.7,1023460970687.7,54066110314.9015,11795173292.8026,68315671706.296
"VCT","Latin America & Caribbean",2014,"UM",652327884,302100644.167311,75381218.556091,45557411.2765978,49564779.6,4195113.9,375061834.5,108441763.846166,19530319.6818965,20933915.4719371
"VNM","East Asia & Pacific",2014,"LM",287645086022,9637472760.86635,1743729722.27935,6834592047.8543,33434616608.9,37917678718.2,162478628592.9,2908123365.47825,1076009358.01328,5072013354.50846
"WSM","East Asia & Pacific",2014,"LM",751877111,21245580.2032523,119645319.759637,86665272.0371107,49373701.4,36458055.4,476964291.2,21214762.0056697,10921986.1255304,23073039.8687999
"YEM","Middle East & North Africa",2014,"LM",17338535980,294889807.861114,448657552.858102,3040258234.28078,1510939575.4,318167173.3,12217637656.3,902974427.10634,95750555.4471674,284017571.446492
"ZAF","Sub-Saharan Africa",2014,"UM",181144361763,6345382269.42498,544958805.906792,2521503554.66823,16742685360.5,3380904489.5,90450587187,36095812807.6336,1886125185.88872,11450057027.4777
"ZMB","Sub-Saharan Africa",2014,"LM",14310286375,71617412.1483856,124002306.362937,263116320.488678,956504608.5,204494997.2,5977108665.3,5004276489.84493,172767450.20419,365399431.950882
"ZWE","Sub-Saharan Africa",2014,"L",12326511308,63729693.12531,70030637.8485284,206050402.026162,769307232.1,101771727.9,4474855070,1182755818.20633,227077175.331898,704975014.461775
